winner,loser
byofowlkki.jpg,covdcysmbi.jpg
bhaaboftbc.jpg,ebchwmwayp.jpg
bbhtdfuqxq.jpg,crzfebnfgb.jpg
chzieimrwu.jpg,cwqlvzefpg.jpg
cqrskwiqng.jpg,dcamvmuors.jpg
dafhtipaml.jpg,doanjploai.jpg
bydaidkpdp.jpg,dhcselezer.jpg
alvgwypubw.jpg,cwsbspfzck.jpg
adylbeequz.jpg,cuzrgrbvil.jpg
aneclqfpbt.jpg,axwgcsyphv.jpg
ensyyivobf.jpg,eekozbeafq.jpg
aknbdpmgua.jpg,acxwigylke.jpg
czkdanyadc.jpg,bjsmaqefoi.jpg
bgmlwsoamc.jpg,dkrvorliqc.jpg
avgiuextiz.jpg,elvvackpjh.jpg
aslsvlvpth.jpg,bkwxhglwct.jpg
bgaogsjehq.jpg,awhmfnnjih.jpg
bjjbwsqjir.jpg,bmbbkwmxqj.jpg
cglxirfaey.jpg,egbbcxcuqy.jpg
ckbdwedgmc.jpg,bmbbkwmxqj.jpg
esnntzzajv.jpg,dulanfulol.jpg
dtocdfbwca.jpg,deyyistcrd.jpg
bkmdzhfzfh.jpg,bqkdbcqjvb.jpg
eeyhxisdfh.jpg,eiriyukqqy.jpg
bqnymlsayl.jpg,cbbibzcoih.jpg
boovltmuwi.jpg,eekozbeafq.jpg
dnexlwbcxq.jpg,ebkzwjgjhq.jpg
benmsfzfaz.jpg,cwrtyzndpx.jpg
dhevettufk.jpg,ekhacizpah.jpg
bkmdzhfzfh.jpg,ecnihjlfyt.jpg
bourlmzsio.jpg,abofeumbvv.jpg
dkrvorliqc.jpg,dozyddhild.jpg
cepxysienc.jpg,bvzjkezkms.jpg
ctpqeykqdp.jpg,djvtbgwdcc.jpg
ensyyivobf.jpg,esyrimvzsa.jpg
btunxncpjh.jpg,aufmsmnoye.jpg
bggsurpgpr.jpg,eebrkicpry.jpg
ebchwmwayp.jpg,btjwbtsgln.jpg
bzmdrafeex.jpg,apogckdfrz.jpg
bchnbulevv.jpg,btiysiskpf.jpg
dkwjwbwgey.jpg,dlrsbscitn.jpg
avibnnhwhp.jpg,cgvrgibpfo.jpg
bdxuhamuqx.jpg,avibnnhwhp.jpg
dhkwmjxwrn.jpg,crzfebnfgb.jpg
ebeknhudxq.jpg,ecuvtoltue.jpg
dgzklxjmix.jpg,bguwlyazau.jpg
ahfazfbntc.jpg,elvvackpjh.jpg
bbvgxeczei.jpg,ceymbecxnj.jpg
ctzmavwror.jpg,cuzrgrbvil.jpg
eajlrktemq.jpg,dntkzzzcdh.jpg
dqzreruvje.jpg,errocgcham.jpg
apgjqzkoma.jpg,bkvetcojbt.jpg
eeyhxisdfh.jpg,aknmpoonls.jpg
cxttmymlbn.jpg,andaxzscny.jpg
atzdznmder.jpg,cuzrgrbvil.jpg
boovltmuwi.jpg,djvtbgwdcc.jpg
bdbhekrrwo.jpg,axwgcsyphv.jpg
bdgipnyobr.jpg,cxrfacemmq.jpg
atyntldecu.jpg,bvzjkezkms.jpg
dfbpceeaox.jpg,eebserckhh.jpg
chzieimrwu.jpg,aknmpoonls.jpg
dcuiiorugd.jpg,eiwopxzjfn.jpg
adylbeequz.jpg,eoewqcpbgt.jpg
aipfdnwpoo.jpg,aklqzsddfl.jpg
ddqccgmtka.jpg,avtycwsgyb.jpg
cdbsbdymzd.jpg,bqkdbcqjvb.jpg
bjkmjilrxp.jpg,adhsbajydo.jpg
bnjcdrfuov.jpg,dakqwktlbi.jpg
duzuusuajr.jpg,bqkdbcqjvb.jpg
bzmdrafeex.jpg,cyclgfjdrv.jpg
dsdoseflas.jpg,asdpeebotb.jpg
dhkwmjxwrn.jpg,dubiroskqn.jpg
aneclqfpbt.jpg,dqqtjcryjv.jpg
ajwpjhrbcv.jpg,azpuxunqyo.jpg
cglxirfaey.jpg,bbhpvrmbse.jpg
ckbdwedgmc.jpg,bqqpbzjgup.jpg
cbltdtxglo.jpg,bchnbulevv.jpg
arrhsnjqku.jpg,eiwopxzjfn.jpg
deywhkarol.jpg,avssvvsdhz.jpg
bofqajtwve.jpg,azpuxunqyo.jpg
aipfdnwpoo.jpg,cdyakrxkia.jpg
ehdkmxgtxh.jpg,erqgqacbqe.jpg
ayqvfdhslr.jpg,asdpeebotb.jpg
ayqvfdhslr.jpg,btugrnoton.jpg
bvgwelbeof.jpg,cqfugiqupm.jpg
cycacemkmt.jpg,acqfdwsrhi.jpg
ayqvfdhslr.jpg,dsndhujjjb.jpg
dxuplhwvig.jpg,aknmpoonls.jpg
bsqgziaylx.jpg,bguwlyazau.jpg
byqzyxifza.jpg,ekhacizpah.jpg
btmsngnqhv.jpg,clihsshdkq.jpg
crktehraph.jpg,cettndmvzl.jpg
dbhrpizyeq.jpg,bbhpvrmbse.jpg
deywhkarol.jpg,akxoopqjqz.jpg
drsakwyvqv.jpg,curpwogllm.jpg
brhalypwoo.jpg,dofusvhnib.jpg
btxlttbpkj.jpg,djvtbgwdcc.jpg
byunigvnay.jpg,errocgcham.jpg
avvdgsennp.jpg,epymyyiblu.jpg
arlmiizoob.jpg,aorjvbyxhw.jpg
ddpvuimigj.jpg,abofeumbvv.jpg
cksanfsjhc.jpg,cyboodqqyr.jpg
dfbpceeaox.jpg,dkwjwbwgey.jpg
eejswgycjc.jpg,cttqtsjvgn.jpg
blzydqdfem.jpg,akvmwkdyuv.jpg
djvutyvaio.jpg,ecuvtoltue.jpg